link_anuncio;titulo;preco;vendedor;avaliacao_nota;avaliacao_numero;descricao
https://www.mercadolivre.com.br/kit-cartucho-hp-664-preto-e-hp-664-colorido/p/MLB36751072;Kit Cartucho Hp 664 Preto E Hp 664 Colorido;R$ 153,10;OBERO INFORMATICA;4.7;3086;Descrição KIT DE CARTUCHOS DE TINTA HP ORIGINAL 664 PRETO E COLORIDO 1 Cartucho HP 664 preto + 1 Cartucho HP 664 Color ESPECIFICAÇÕES: - Desempenho: Até 120 páginas - Compatibilidade: HP DeskJet 1110 HP DeskJet 1115 HP DeskJet 2130 HP DeskJet 2134 HP DeskJet 2135 HP DeskJet 2136 HP Deskjet 2674 HP Deskjet 2675 HP Deskjet 2676 HP DeskJet 3630 HP DeskJet 3636 HP OfficeJet 3830 HP Deskjet Ink Advantage 3776 HP Deskjet Ink Advantage 3786 HP Deskjet Ink Advantage 3788 HP Deskjet Ink Advantage 3790 HP Deskjet Ink Advantage 3836 HP Deskjet Ink Advantage 4536 HP Deskjet Ink Advantage 4676 HP DeskJet Ink Advantage 5076 HP DeskJet Ink Advantage 5276 - Cor: Preto - Tipo de Desempenho: Padrão - Conteúdo da Embalagem: Cartucho novo de tinta HP original CARACTERÍSTICAS DO PRODUTO: Obtenha a qualidade da HP que você conhece e confia. Imprima documentos todos os dias com texto e imagens nítidas e os custos de impressão acessíveis com os cartuchos originais HP. Imprima bordas perfeitas em textos e em gráficos, usando Cartuchos Originais HP. Qualidade impressionante de texto e imagens para desfrutar de documentos e fotos. Média baseada em ISO / IEC 24711 ou na metodologia de teste HP e impressão contínua. O desempenho real varia consideravelmente com base no conteúdo das páginas impressas e outros fatores.
https://www.mercadolivre.com.br/cartucho-de-tinta-preta-hp-advantage-664-de-2-ml/p/MLB36751629;Cartucho de tinta preta HP Advantage 664 de 2 ml;R$ 64,90;OBERO INFORMATICA;4.7;3086;Descrição Imprima documentos do dia a dia com alta qualidade e a um preço acessível com cartuchos de tinta HP de baixo custo, projetados com proteção contra fraudes e alertas inteligentes de pouca tinta para oferecer desempenho sem preocupações e resultados consistentes com os quais você pode contar. Impressão de cores consumíveis: Preto Gota de tinta: 22 pl Tipos de tinta: à base de pigmento - Rendimento de páginas (preto e branco): 120 páginas - Faixa de temperatura operacional de 15 a 32°C - Temperatura de armazenamento: limites -40 a 60°C - Umidade durante o armazenamento De 20 a 80% UR Impressoras compatíveis: HP DeskJet 1110, HP DeskJet 1115, HP DeskJet 2130, HP DeskJet 2135, HP DeskJet 3630, HP ENVY 4520, HP OfficeJet 3830
https://www.mercadolivre.com.br/cartucho-de-tinta-hp-664-negro-y-664-tricolor-2-unidades/p/MLB36783881;Cartucho De Tinta Hp 664 Negro y 664 Tricolor 2 Unidades;R$ 153,10;OBERO INFORMATICA;4.6;267;"Descrição Kit de cartuchos de tinta HP original 664 preto e colorido 1 cartucho HP 664 preto + 1 cartucho HP 664 color Especificações: Desempenho: até 120 páginas Compatibilidade: HP DeskJet 1110 HP DeskJet 1115 HP DeskJet 2130 HP DeskJet 2134 HP DeskJet 2135 HP DeskJet 2136 HP DeskJet 2674 HP DeskJet 2675 HP DeskJet 2676 HP DeskJet 3630 HP DeskJet 3636 HP OfficeJet 3830 HP DeskJet Ink Advantage 3776 HP DeskJet Ink Advantage 3786 HP DeskJet Ink Advantage 3788 HP DeskJet Ink Advantage 3790 HP DeskJet Ink Advantage 3836 HP DeskJet Ink Advantage 4536 HP DeskJet Ink Advantage 4676 HP DeskJet Ink Advantage 5076 HP DeskJet Ink Advantage 5276 Cor: preto Tipo de desempenho: padrão Conteúdo da embalagem: cartucho novo de tinta HP original Características do produto: Obtenha a qualidade da HP que você conhece e confia. Imprima documentos todos os dias com texto e imagens nítidas e os custos de impressão acessíveis com os cartuchos originais HP. Imprima bordas perfeitas em textos e em gráficos, usando cartuchos originais HP. Qualidade impressionante de texto e imagens para desfrutar de documentos e fotos. Média baseada em ISO / IEC 24711 ou na metodologia de teste HP e impressão contínua. O desempenho real varia consideravelmente com base no conteúdo das páginas impressas e outros fatores. Diferenciadores: Impressões que funcionam todas as vezes. Cartuchos projetados para alto rendimento. Impressões resistentes à água e que não desbotam com o tempo. Cores mais vibrantes e nítidas. Com tecnologia anti curvas. Fotos e documentos que duram mais de 50 anos sem perder a cor e a qualidade. Resultados superiores da primeira à última página, sem obstruções ou impressões com bandas. Impressão sustentável, os cartuchos HP originais são feitos com até 50% de material reciclado. Média baseada em ISO / IEC 24711 ou na metodologia de teste HP e impressão contínua. O desempenho real varia consideravelmente com base no conteúdo das páginas impressas e outros fatores. Compatível com impressoras Deskjet Ink Advantage da HP: DESKJET INK ADVANTAGE 2376; DESKJET INK ADVANTAGE 2776; DESKJET INK ADVANTAGE 2775; DESKJET INK ADVANTAGE 2374; DESKJET INK ADVANTAGE 2375; DESKJET INK ADVANTAGE 1275; HP Deskjet Ink Advantage Plus 6475; HP Deskjet Ink Advantage Plus 6476."
https://www.mercadolivre.com.br/cartucho-de-tinta-hp-122-preto/p/MLB24113444;Cartucho de Tinta HP 122 Preto;R$ 102,19;OBERO INFORMATICA;4.8;106;"Descrição Cartucho de Tinta HP 122 Preto Original CH561HB - Não recarregável Os cartuchos foram projetados para garantir que sua impressora forneça textos nítidos e com cores intensas. A impressão é fácil e o valor é excelente. Fácil de usar, com a tecnologia que permite terminar a impressão de um documento importante mesmo quando os níveis de uma cor específica estão baixos. Mais valor para altos volumes com cartuchos de tinta XL (opcionais.) ESPECIFICAÇÕES TÉCNICAS: - QUANTIDADE DE TINTA: 2 ML - DESEMPENHO: 120 páginas - COR: Preto COMPATIBILIDADE: - Impressora HP Deskjet 1000 - J110a; Impressora HP Deskjet 2000 - J210a; Impressora HP Deskjet 2050 Multifuncional - J510a; Multifuncional HP Deskjet 3050 J610a DIFERENCIAIS: - Impressões que funcionam todas as vezes. Cartuchos projetados para alto desempenho. - Impressões resistentes à água e que não desbotam com o tempo. - Cores mais intensas e nítidas. Com Tecnologia anti curvas. - Resultados superiores da primeira à última página, sem obstruções ou impressões com bandas. - Impressão responsável, os cartuchos são feitos com até 50% de material reciclado."
https://www.mercadolivre.com.br/kit-cartucho-hp-938-p-9110-9130-9730/p/MLB41877220;Kit Cartucho Hp 938 P/ 9110 9130 9730;R$ 845,50;INK LASER INFO;4.4;16;
https://produto.mercadolivre.com.br/MLB-2685036387-kit-cartucho-tinta-original-hp-667-pretocolorido-2376-2774-_JM;Kit Cartucho Tinta Original Hp 667 Preto/colorido 2376 2774;R$ 154,90;OBERO INFORMATICA;4.7;3657;Descrição ***REVENDEDOR OFICIAL HP BRASIL*** Obtenha a qualidade da HP que você conhece e confia. Imprima documentos todos os dias com texto e imagens nítidas e os custos de impressão acessíveis com os cartuchos originais HP. Imprima bordas perfeitas em textos e em gráficos, usando Cartuchos Originais HP. Qualidade impressionante de texto e imagens para desfrutar de documentos e fotos. - Volume de páginas impressas: até 100 páginas - Impressões que funcionam todas as vezes. Cartuchos projetados para alto rendimento - Impressões resistentes à água e que não desbotam com o tempo - Cores mais vibrantes e nítidas. Com Tecnologia anti curvas - Fotos e documentos que duram mais de 50 anos sem perder a cor e a qualidade - Resultados superiores da primeira à última página, sem obstruções ou impressões com bandas - Impressão sustentável, os cartuchos HP originais são feitos com até 50% de material reciclado Compatibilidade Serie Deskjet Ink Advantage 2300 - Deskjet Ink Advantage 2374 - Deskjet Ink Advantage 2375 - Deskjet Ink Advantage 2376 Serie Deskjet Ink Advantage 2700 - Deskjet Ink Advantage 2774 - Deskjet Ink Advantage 2775 - Deskjet Ink Advantage 2776 - Deskjet Ink Advantage 2777 - Deskjet Ink Advantage 2874 Serie DeskJet Plus Ink Advantage série 6000 Serie DeskJet Plus Ink Advantage série 6400 Serie Deskjet Ink Advantage 1200 Serie DeskJet Ink Advantage 4100 Kit 1 (um) Cartucho de Tinta HP 667 3YM79AL Original Preto / 2ml 1 (um) Cartucho de Tinta HP 667 3YM78AL Original Colorido / 2ml Ver descrição completa
https://www.mercadolivre.com.br/cartucho-de-tinta-712-preto-80ml-hp-t210-t250-t650/p/MLB22536214;Cartucho De Tinta 712 Preto 80ml Hp T210 T250 T650;R$ 419,00;OBERO INFORMATICA;4.8;44;Descrição Características do Produto Obtenha a qualidade da HP que você conhece e confia. Imprima documentos todos os dias com texto e imagens nítidas e os custos de impressão acessíveis com os cartuchos HP. Imprima bordas perfeitas em textos e em gráficos, usando Cartuchos HP. Qualidade impressionante de texto e imagens para desfrutar de documentos e fotos. Média baseada em ISO / IEC 24711 ou na metodologia de teste HP e impressão contínua. O desempenho real varia consideravelmente com base no conteúdo das páginas impressas e outros fatores. Especificações Cartucho HP Cor: Preto Impressoras Compatíveis Impressora HP DesignJet Studio de 24 polegadas 5HB12A Impressora HP DesignJet Studio de 36 polegadas 5HB14A Impressora HP DesignJet Studio Steel de 24 polegadas 5HB12C Impressora HP DesignJet Studio Steel de 36 polegadas 5HB14C Impressora HP DesignJet T210 24 polegadas 8AG32A Impressora HP DesignJet T250 24 polegadas 5HB06A Impressora HP DesignJet T650 24 polegadas 5HB08A Impressora HP DesignJet T650 24 polegadas 5HB08G Impressora HP DesignJet T650 36 polegadas 5HB10A Diferenciais Impressões que funcionam todas as vezes. Cartuchos projetados para alto rendimento. Impressões resistentes à água e que não desbotam com o tempo. Cores mais vibrantes e nítidas. Com Tecnologia anti curvas. Fotos e documentos que duram mais de 50 anos sem perder a cor e a qualidade. Resultados superiores da primeira à última página, sem obstruções ou impressões com bandas. Impressão sustentável, os cartuchos HP são feitos com até 50% de material reciclado.
https://www.mercadolivre.com.br/cartucho-hp-662xl-preto-1616-2516-2646-3516-4646/p/MLB36766826;Cartucho Hp 662xl Preto 1616 2516 2646 3516 4646;R$ 112,31;Carrefour;4.4;101;Descrição CARTUCHO HP 662XL CZ105AB PRETO 6,5ml Compatibilidade: Hp DeskJet Ink Advantage 1516, 2515, 2516, 2546, 2646, 3515, 3516, 3546 e 4646 Características do Produto: Modelo: 662XL CZ105AB DESEMPENHO: 662XL PRETO - ATÉ 360 PÁGINAS (com base na cobertura de 5% da página) Temperaturas: Gama de temperaturas de funcionamento: 15 a 32 °C Cor de gráfico de BCP: Preto Tecnologia de resolução: TIJ 2.X Gen 3 Tecnologia de impressão: Jato de Tinta Térmico HP Bocais da cabeça de impressão: 336 Largura de cabeça de impressão (polegadas): 0,56 pol Tipos de tinta: Com pigmentos Gota de tinta: 13,5 pl Cor da impressão: preto Volume do cartucho de impressão: 6,5 ml Informação ambiental: Umidades relativas Umidade de armazenamento: 20 a 80% RH Intervalo de umidade para funcionamento: 20 a 80% RH Amplitude Térmica de Armazenamento: -40 a 60°C Dimensões Aproximadas (L x P x A): Dimensões de palete: 1219,2 x 1016 x 1790,7 mm Dimensões mínimas: 114,05 x 36,32 x 114,55 mm Peso Líquido Aproximado: 0.04 kg
https://www.mercadolivre.com.br/kit-2-cartuchos-hp-664-1un-preto-1un-color/p/MLB39028313;Kit 2 Cartuchos Hp 664: 1un Preto + 1un Color;R$ 161,64;CASAPRINT SPEED;4.7;3086;Descrição Neste anúncio tem: 01 Cartucho de Tinta HP 664 Colorido Advantage 01 Cartucho de Tinta HP 664 Preto Advantage CARACTERISTICAS: Os cartuchos de tinta HP oferecem qualidade excepcional e desempenho confiável para suas necessidades de impressão. Com tintas de alta qualidade, eles proporcionam impressões nítidas, cores vibrantes e texto claro. Além disso, a identificação inteligente dos cartuchos permite que a impressora reconheça automaticamente os níveis de tinta, fornecendo alertas precisos quando estiverem baixos. A instalação é fácil e rápida, e os cartuchos são compatíveis com as impressoras HP, garantindo resultados profissionais em todos os trabalhos de impressão. A preocupação da HP com a sustentabilidade também se reflete nos programas de reciclagem de cartuchos, ajudando a reduzir o impacto ambiental dos resíduos de impressão. Com os cartuchos de tinta HP, você tem qualidade, confiabilidade e facilidade de uso em uma solução de impressão completa. VERIFIQUE AS CARACTERÍSTICAS HOLOGRÁFICAS DAS ETIQUETAS: - Incline a caixa de frente para trás para ver o Hp ou “OK” se moverem em sentidos OPOSTOS. - Incline a caixa da esquerda para direita para ver o Hp ou o “OK” se moverem no MESMO sentido. VERIFIQUE POR CÓDIGO QR: - Basta fazer a leitura do código QR da etiqueta com seu smartphone para verificar o produto. COMPATIBILIDADE: HP DeskJet 1110, HP DeskJet 1115, HP DeskJet 2130, HP DeskJet 2135, HP DeskJet 3630, HP ENVY 4520, HP OfficeJet 3830 ESPECIFICAÇÕES DE IMPRESSÃO: Cor (Es) Dos Suprimentos De Impressão: Tricolor e Preto Dimensões Com Embalagem L X P X A: 114 x 36,3 x 102,9 mm (cada) Peso Com Embalagem: 0.05 kg (cada) Volume Do Cartucho De Impressão: 2 ml (cada) Rendimento: TRICOLOR: Aproximadamente 100 páginas PRETO: Aproximadamente 120 páginas
https://www.mercadolivre.com.br/cartucho-de-tinta-hp-712-amarelo-pluk-29ml-3ed69a-wespetec/p/MLB22304579;Cartucho De Tinta Hp 712 Amarelo Pluk 29ml 3ed69a Wespetec;R$ 229,00;OBERO INFORMATICA;5.0;11;Descrição Características do Produto Obtenha a qualidade da HP que você conhece e confia. Imprima documentos todos os dias com texto e imagens nítidas e custos de impressão acessíveis. Imprima bordas perfeitas em textos e em gráficos. Qualidade impressionante de texto e imagens para desfrutar de documentos e fotos. Média baseada em ISO / IEC 24711 ou na metodologia de teste da HP e impressão contínua. O desempenho varia consideravelmente com base no conteúdo das páginas impressas e outros fatores. Especificações Cartucho HP Cor: Amarelo Impressoras Compatíveis Impressora HP DesignJet Studio de 24 polegadas 5HB12A Impressora HP DesignJet Studio de 36 polegadas 5HB14A Impressora HP DesignJet Studio Steel de 24 polegadas 5HB12C Impressora HP DesignJet Studio Steel de 36 polegadas 5HB14C Impressora HP DesignJet T210 24 polegadas 8AG32A Impressora HP DesignJet T250 24 polegadas 5HB06A Impressora HP DesignJet T650 24 polegadas 5HB08A Impressora HP DesignJet T650 24 polegadas 5HB08G Impressora HP DesignJet T650 36 polegadas 5HB10A Diferenciais Impressões que funcionam todas as vezes. Cartuchos projetados para alto rendimento. Impressões resistentes à água e que não desbotam com o tempo. Cores mais vibrantes e nítidas. Com Tecnologia anti curvas. Fotos e documentos que duram mais de 50 anos sem perder a cor e a qualidade. Resultados superiores da primeira à última página, sem obstruções ou impressões com bandas. Impressão sustentável, os cartuchos da HP são feitos com até 50% de material reciclado.
https://www.mercadolivre.com.br/cartucho-de-tinta-hp-122-preto/p/MLB24113444;Cartucho de Tinta HP 122 Preto;R$ 102,19;OBERO INFORMATICA;4.8;106;"Descrição Cartucho de Tinta HP 122 Preto Original CH561HB - Não recarregável Os cartuchos foram projetados para garantir que sua impressora forneça textos nítidos e com cores intensas. A impressão é fácil e o valor é excelente. Fácil de usar, com a tecnologia que permite terminar a impressão de um documento importante mesmo quando os níveis de uma cor específica estão baixos. Mais valor para altos volumes com cartuchos de tinta XL (opcionais.) ESPECIFICAÇÕES TÉCNICAS: - QUANTIDADE DE TINTA: 2 ML - DESEMPENHO: 120 páginas - COR: Preto COMPATIBILIDADE: - Impressora HP Deskjet 1000 - J110a; Impressora HP Deskjet 2000 - J210a; Impressora HP Deskjet 2050 Multifuncional - J510a; Multifuncional HP Deskjet 3050 J610a DIFERENCIAIS: - Impressões que funcionam todas as vezes. Cartuchos projetados para alto desempenho. - Impressões resistentes à água e que não desbotam com o tempo. - Cores mais intensas e nítidas. Com Tecnologia anti curvas. - Resultados superiores da primeira à última página, sem obstruções ou impressões com bandas. - Impressão responsável, os cartuchos são feitos com até 50% de material reciclado."
https://www.mercadolivre.com.br/toner-compativel-com-hp-w1105-105a-25k-com-chip-tinta-preto-evolut/p/MLB39455952;Toner Compatível com HP W1105 105a 2.5k - Com Chip Tinta Preto Evolut;R$ 38,68;JRWIMPORTACAO;4.7;100;Descrição CARTUCHO DE TONER COMPATÍVEL Hp W1105a W1107a Com Chip EVOLUTSUPREME Toners EvolutSupreme uma nova marca com novos padrões de qualidade, o que já era bom agora é ainda MELHOR! Não foi só a embalagem que mudou, agora todos os toners seguem um padrão de qualidade premium e são analisados e acompanhados dentro da fábrica. Tornando cada unidade ainda mais confiável para nossos clientes. - Economize em papel, tinta e energia com impressões perfeitas 100% do tempo e projetado para maior rendimento. - Resistente à umidade e respingos, impressões que não desbotam nem mancham. - Fotos e documentos que duram por muito mais tempo sem perder a cor e a qualidade. - Resultados superiores da primeira à última página. - Só colocar na máquina e usar. Rendimento: até 1.000 impressões com 5% de preenchimento no papel A4 (por cartucho) Impressoras Compatíveis: -107A -107R -107W -108A -108W -MFP 131A -MFP 133PN -MFP 135A -MFP 135R -MFP 135W -MFP 135AG -MFP 135WG -MFP 136A -MFP 136NW -MFP 136W -MFP 137FNW -MFP 137FWG -MFP 138FNW -MFP 138P -MFP 138PN -MFP 138PNW
https://www.mercadolivre.com.br/recarga-de-cartucho-de-impressora-faca-voc-mesmo-compativel-hp-2800-2874-2774-2676-1000-1050-3050-3516-2516-f4180-f4480-c4480-c4680-2700-cartuchos-667-664-662-74-21-901-60-46-61-92-inkcor/p/MLB45228482;Recarga de cartucho de impressora faça você mesmo compatível Hp 2800 2874 2774 2676 1000 1050 3050 3516 2516 f4180 f4480 c4480 c4680 2700 cartuchos 667 664 662 74 21 901 60 46 61 92 Inkcor;R$ 41,27;Inkcor;4.7;75;Descrição Kit Inkcor Para Recarga de Cartuchos compatível com Impressoras HP, Canon e Lexmark Jato Tinta. Contém 300ml no total de tintas corante e solução de limpeza. Conteúdo e Descrição: 1 Frasco com 60ml de Tinta Inkcor Premium Universal Corante na cor preta 1 Frasco com 60ml de Tinta Inkcor Premium Universal Corante na cor magenta 1 Frasco com 60ml de Tinta Inkcor Premium Universal Corante na cor amarela 1 Frasco com 60ml de Tinta Inkcor Premium Universal Corante na cor azul / cyan 1 Frasco com 60ml de Solução Líquida de Limpeza Inkcor Clean Fluid Acessórios: 1 Snap Fill universal Para Pressurização e Retirada de Ar de Cartuchos 1 Par de Luvas Plásticas simples 4 Aplicadores com Agulhas 1 Acesso impresso ao manual de instruções e vídeos tutoriais disponibilizados pela equipe Inkcor Tinta não indicada para papel fotográfico e impressora Tank e Ecotank COMPATIBILIDADE POR MODELO DE CARTUCHOS: Cartuchos HP: 667 - 667xl - 662 - 662xl - 664 - 664xl - 21 - 21xl - 22 - 27 - 28 - 56 - 57 - 60 - 60xl - 74 - 74xl - 75 - 92 - 93 - 94 - 95 - 96 - 97 - 98 - 901 - 901xl - 122 - 122xl Cartuchos CANON: 44 - 54 - 140 - 141 - 145 - 146 - 30 - 31 - 40 - 41 - 210 - 211 Cartuchos LEXMARK: 16 - 17 - 26 - 27 COMPATIBILIDADE POR MODELO DE IMPRESSORA: (PRINCIPAIS) Impressoras HP Deskjet Ink Advantage: 1275 - 2374 - 2375 - 2376 - 2700 - 2774 - 2775 - 2776 - 6475 - 6476 - 1115 - 2134 - 2136 - 2600 - 2676 - 3636 - 3776 - 3786 - 3788 - 3790 - 3836 - 4536 - 4676 - 5076 - 5276 - 2516 - 3516 - 3546 - 2546 - 1516 - 4646 - 2646 Impressoras HP Deskjet: 1000 - 1050 - 1055 - 2000 - 2050 - 3000 - 3050 - 3050a - D1660 - D2530 - D2545 - D2560 - D2660 - D5560 - F2430 - F2480 - F4210 - F4235 - F4240 - F4280 - F4435 - F4440 - F4480 - F4580 Impressoras HP PhotoSmart: C4635 - C4640 - C4650 - C4680 - C4740 - C4750 - C4780 - C4795 - D110 - D110A Impressoras HP Officejet: J4540 - J4550 - J4580 - J4660 - J4680 - 4500 Impressoras Canon: MG2410 - MG2510 - MG2910 - MG3010 - TS3110 - MG3110 - MG3210 - MG3510 - MG3610 - MX371 - MX391 - MX431 - MX471 - E481 - E4210 - IP2700 - MP230 - MP250 - MP280 - MP495 - MX320 - MX340 - MX360 - MX410 - IP1800 - IP1900 - MP190 E muitos outros. Quantidade média de recargas: A quantidade média de recargas que cada kit proporciona vai variar de acordo com o modelo/tamanho de cada cartucho. Deixamos a seguir uma média de acordo com os principais modelos simples HP (não XL) por recarga: HP 662: 10 recargas HP 664: 10 recargas HP 667: 10 recargas HP 60: 5 recargas HP 901: 5 recargas HP 21: 5 recargas Características: As tintas Inkcor Universais Corante fornecem boa qualidade de impressão e cobertura, produzem cores vivas e brilhantes, proteção contra entupimentos e têm secagem rápida. São indicadas para uso contínuo do dia-a-dia e geram grande economia. Kit Recarga Compatível Com Cartucho Hp 667 - 2376 2776 6476
https://www.mercadolivre.com.br/kit-cartucho-compativel-com-hp-122xl-ch563hb-ch564hb-bcolor/p/MLB47042736;Kit Cartucho Compatível Com Hp 122xl Ch563hb Ch564hb B/color;R$ 157,92;CASAPRINT SPEED;4.6;5;Descrição Cartucho Compatível 122 XL CH563HB Preto + Color Impressoras Deskjet 1000/ 2000/ 2050/ 3050 Código do cartucho CH563HB CH564HB Quantidade 8 ML Preto 6 ML Color (Imprime com 5% de Cobertura) Cor Preto Colorido Tecnologia
https://www.mercadolivre.com.br/toner-evolut-compativel-com-85a-36a-35a-78a-tinta-preto/p/MLB39455954;Toner Evolut Compatível Com 85a 36a 35a 78a Tinta Preto;R$ 32,83;TONER SHOPS;4.8;208;Descrição CARTUCHO DE TONER COMPATÍVEL CE285a CB435 CB436 CE278 EVOLUTSUPREME Toners EvolutSupreme uma nova marca com novos padrões de qualidade, o que já era bom agora é ainda MELHOR! Não foi só a embalagem que mudou, agora todos os toners seguem um padrão de qualidade premium e são analisados e acompanhados dentro da fábrica. Tornando cada unidade ainda mais confiável para nossos clientes. - Economize em papel, tinta e energia com impressões perfeitas 100% do tempo e projetado para maior rendimento. - Resistente à umidade e respingos, impressões que não desbotam nem mancham. - Fotos e documentos que duram por muito mais tempo sem perder a cor e a qualidade. - Resultados superiores da primeira à última página. - Só colocar na máquina e usar. Toner compatível com as impressoras HP abaixo: Impressora HP P1005 Impressora HP P1006 Impressora P1505 Impressora P1505N Impressora P1009 Impressora M1120 Impressora M1522 Impressora M1210 Impressora M1212nf Impressora M1522 Impressora M1522N Impressora M1522NF Impressora P1109 Impressora P1102 Impressora P1102W Impressora HP M1132 toner 85a toner 285a toner 85a toner 1102 w toner hp p1102w toner hp laserjet p1102w
https://www.mercadolivre.com.br/kit-recarga-cartucho-667-667xl-compativel-impressora-hp-deskjet-ink-advantage-2376-2374-2775-2776-6476-com-manual-de-instrucoes-com-passo-a-passo-em-video-e-snap-fill/p/MLB45645414;Kit Recarga Cartucho 667 667xl Compatível Impressora Hp Deskjet Ink Advantage 2376 2374 2775 2776 6476 com Manual de Instruções com Passo a passo em Vídeo e Snap Fill;R$ 53,31;Inkcor;4.7;100;Descrição Kit Inkcor Para Recarga de Cartuchos compatível com Impressoras HP e Canon Jato Tinta ============================================================================================ Ajude a proteger o meio ambiente reaproveitando seus cartuchos de impressora e ainda economize dinheiro reabastecendo você mesmo(a) seus cartuchos, ao invés de trocá-los por novos toda vez que acabarem ou ter de levar a uma loja para os reabastecer. Veja este exemplo: Cada recarga de cartucho de até 4ml de tinta terá um custo médio menor que R$ 2,00 por recarga. Isto não é incrível? As tintas Inkcor fornecem recargas seguras e com boa qualidade, acompanha guia tutorial completo com passo-a-passo para lhe auxiliar em suas recargas, tornando todo processo muito fácil e rápido. Garanta já seu kit! ============================================================================================ Conteúdo: - 1 Frasco com 150ml de Tinta Inkcor Premium Universal Corante na cor preta - 1 Frasco com 100ml de Tinta Inkcor Premium Universal Corante na cor amarela - 1 Frasco com 100ml de Tinta Inkcor Premium Universal Corante na cor azul - 1 Frasco com 100ml de Tinta Inkcor Premium Universal Corante na cor magenta - 1 Frasco com 50ml de Solução de limpeza Inkcor - 1 Snap Fill universal Para Pressurização e Retirada de Ar de Cartuchos - 1 Par de Luvas Plásticas simples - 4 Aplicadores com Agulha - 1 Manual de instruções impresso Tinta não indicada para papel fotográfico e impressora Tank e Ecotank ============================================================================================ Compatibilidade por Modelo de Cartuchos: Cartuchos HP: 667 - 667xl - 662 - 662xl - 664 - 664xl - 21 - 21xl - 27 - 46 - 56 - 60 - 60xl - 61 - 74 - 74xl - 92 - 94 - 96 - 98 - 901 - 901xl - 122 - 122xl Cartuchos CANON: 44 - 140 - 145 - 30 - 40 - 210 =============================================================================================== Compatibilidade por Modelo de Impressora: Impressoras HP Deskjet Ink Advantage: 2874 - 2800 - 1275 - 2374 - 2375 - 2376 - 2700 - 2774 - 2775 - 2776 - 6475 - 6476 - 1115 - 2134 - 2136 - 2600 - 2676 - 3636 - 3776 - 3786 - 3788 - 3790 - 3836 - 4536 - 4676 - 5076 - 5276 - 2516 - 3516 - 3546 - 2546 - 1516 - 4646 - 2646 Impressoras HP Deskjet: 1000 - 1050 - 1055 - 2000 - 2050 - 3000 - 3050 - 3050a - D1660 - D2530 - D2545 - D2560 - D2660 - D5560 - F2430 - F2480 - F4210 - F4235 - F4240 - F4280 - F4435 - F4440 - F4480 - F4580 Impressoras HP PhotoSmart: C4635 - C4640 - C4650 - C4680 - C4740 - C4750 - C4780 - C4795 - D110 - D110A Impressoras HP Officejet: J4540 - J4550 - J4580 - J4660 - J4680 - 4500 Impressoras Canon: MG2410 - MG2510 - MG2910 - MG3010 - TS3110 - MG3110 - MG3210 - MG3510 - MG3610 - MX371 - MX391 - MX431 - MX471 - E481 - E4210 - IP2700 - MP230 - MP250 - MP280 - MP495 - MX320 - MX340 - MX360 - MX410 - IP1800 - IP1900 - MP190 ============================================================================================ Quantidade média de recargas: A quantidade média de recargas que cada kit proporciona vai variar de acordo com o modelo/tamanho de cada cartucho. Segue uma média de acordo com os principais modelos simples HP (não XL) por recarga: HP 662: 18 recargas HP 664: 18 recargas HP 667: 18 recargas HP 60: 10 recargas HP 901: 10 recargas HP 21: 8 recargas Para descobrir quantas recargas em média o modelo de seu cartucho vai render, divida a quantidade de tinta pela quantidade de ml que cabe no devido modelo, indicando deixar em média 2ml de taxa de perda de tinta durante o processo de recarga. ============================================================================================ Com o kit Inkcor para recarga de cartuchos, você obterá resultados em suas impressões, com cores vivas e vibrantes. As tintas Inkcor Universais Corante fornecem boa qualidade de impressão e cobertura, produzem cores vivas e brilhantes, proteção contra entupimentos e têm secagem rápida. São indicadas para uso contínuo do dia-a-dia e geram economia. ============================================================================================ Perguntas e respostas frequentes: 1) Posso recarregar qualquer tipo de cartucho? Somente nos modelos que constam na descrição deste anúncio. 2) Posso utilizar essas tintas em impressoras com bulk-ink, ecotank ou tank de tinta? Não recomendamos. 3) Após a recarga preciso utilizar os cartuchos de quanto em quanto tempo? Recomendamos que não deixe de imprimir pelo menos a cada 3 dias, para evitar que os cartuchos ressequem. 4) A qualidade das tintas Inkcor é igual a qualidade das tintas originais? As tintas originais geralmente têm a cor preta pigmentada, que proporciona melhor definição, enquanto que as tintas Inkcor são todas corantes, com tonalidades próximas, mas diferentes em relação às tintas originais, apesar de ter boa qualidade geral. 5) Quantas vezes posso recarregar meu cartucho? Cartuchos HP têm média de 1 a 5 recargas na cor preta e coloridos de 1 a 3 recargas. Canon e Lexmark têm média de 1 a 3 recargas em cartuchos pretos e de 1 a 2 em cartuchos coloridos. A quantidade de recargas pode variar conforme o uso contínuo e outros fatores. 6) Preciso fazer força para utilizar o snap fill? Há a necessidade de se formar vácuo quando da pressurização. 7) Preciso mesmo assistir aos vídeos tutoriais e ler o manual de instruções antes de recarregar meus cartuchos? É necessário, conforme consta na descrição. 8) Cartuchos podem queimar durante a recarga? E se isso ocorrer é necessário substituir o cartucho. 9) Já recarreguei antes meus cartuchos, será que vai funcionar? Pode testar, mas recomendamos que não haja mistura de tintas para evitar incompatibilidade. 10) Cartuchos podem travar e não imprimir? Em alguns casos é necessário fazer o reset de cartuchos, que é facilmente encontrado na internet. 11) As tintas Inkcor são de qualidade? Estão entre as melhores a venda neste site, com qualidade atestada pelos comentários contidos em nossas qualificações. 12) Por que não posso utilizar as tintas Inkcor em papel fotográfico ou glossy? Este tipo de papel não tem boa aceitação de tintas corante preta, necessitando de tinta pigmentada preta na maior parte dos casos
https://www.mercadolivre.com.br/kit-hp-46-preto-colorido-p-2529-4729-5738-5739/p/MLB43903911;Kit Hp 46 Preto + Colorido P/ 2529 4729 5738 5739;R$ 209,99;SARAIVA COMERCIO;5.0;18;Descrição Cor: Colorido Desempenho: Até 750 páginas Compatibilidade: Impressora HP DeskJet Ink Advantage Ultra 2529, Impressora Multifuncional HP DeskJet Ink Advantage Ultra 4729, Impressora Multifuncional HP DeskJet Ink Advantage Ultra 5738. Conteúdo da Embalagem: Cartucho de tinta HP Cor: Preto Desempenho: Até 1500 páginas Compatibilidade: Impressora HP DeskJet Ink Advantage Ultra 2529, Impressora Multifuncional HP DeskJet Ink Advantage Ultra 4729, Impressora Multifuncional HP DeskJet Ink Advantage Ultra 5738 Tipo de Desempenho: Padrão Conteúdo da Embalagem: Cartucho de tinta HP
https://www.mercadolivre.com.br/toner-evolut-105a-compativel-w1105a-135a-137fnw-107a-107w-preto-com-chip/p/MLB37734657;Toner Evolut 105A Compativel W1105a 135a 137fnw 107a 107w Preto Com Chip;R$ 41,90;SCOTCH;4.7;51;Descrição Toner COMPATÍVEL Evolut W1105A/105A para impressoras 135a 137FNW 107A 107W COM Chip Características do Produto: Quando a produtividade é importante, obtenha uma vantagem. O cartucho de toner COMPATÍVEL HP LaserJet confiável e fácil de usar e mantém sua impressora funcionando sem problemas. Economize tempo e obtenha mais produtividade. O desempenho real varia consideravelmente conforme o conteúdo das páginas impressas e outros fatores. O toner compatível tem rendimento igual ou superior ao toner original, basicamente o cálculo de rendimento é de 5% de cobertura da página, conforme informações do fabricante de cada impressora e multifuncional. Especificações Desempenho: Até 1.000 páginas Cor: Preto Tipo de Desempenho: Padrão CONTÉM Chip no Toner. Conteúdo da Embalagem: - 01 Toner COMPATÍVEL Evolut W1105A/105A 135A 137FNW 107A 107W COM Chip
https://www.mercadolivre.com.br/toner-evolut-105a-compativel-w1105a-135a-137fnw-107a-107w-preto-com-chip/p/MLB37734657?offer_type=OFFICIAL_STORE;Toner Evolut 105A Compativel W1105a 135a 137fnw 107a 107w Preto Com Chip;R$ 48,12;TONER SHOPS;4.7;51;Descrição Toner COMPATÍVEL Evolut W1105A/105A para impressoras 135a 137FNW 107A 107W COM Chip Características do Produto: Quando a produtividade é importante, obtenha uma vantagem. O cartucho de toner COMPATÍVEL HP LaserJet confiável e fácil de usar e mantém sua impressora funcionando sem problemas. Economize tempo e obtenha mais produtividade. O desempenho real varia consideravelmente conforme o conteúdo das páginas impressas e outros fatores. O toner compatível tem rendimento igual ou superior ao toner original, basicamente o cálculo de rendimento é de 5% de cobertura da página, conforme informações do fabricante de cada impressora e multifuncional. Especificações Desempenho: Até 1.000 páginas Cor: Preto Tipo de Desempenho: Padrão CONTÉM Chip no Toner. Conteúdo da Embalagem: - 01 Toner COMPATÍVEL Evolut W1105A/105A 135A 137FNW 107A 107W COM Chip
https://www.mercadolivre.com.br/recarga-cartucho-compativel-impressora-hp-2874-2774-2676-2700-3516-2050-cartuchos-667-664-662-901-60-92-74-canon-mg-2410-2910-3510-3010-44-54-140-141-145-146-210-211-kit-com-60ml-de-tinta-de-cada-cor/p/MLB44668909;Recarga Cartucho Compativel Impressora Hp 2874 2774 2676 2700 3516 2050 Cartuchos 667 664 662 901 60 92 74 Canon Mg 2410 2910 3510 3010 44 54 140 141 145 146 210 211 Kit Com 60ml De Tinta De Cada Cor;R$ 41,74;Inkcor;4.4;59;Descrição Kit Inkcor Para Recarga de Cartuchos compatível com Impressoras HP, Canon e Lexmark Jato Tinta. ============================================================================================ Ajude a proteger o meio ambiente reaproveitando seus cartuchos de impressora e ainda economize dinheiro reabastecendo você mesmo(a) seus cartuchos, ao invés de trocá-los por novos toda vez que acabarem ou ter de levar a uma loja para os reabastecer. Veja este exemplo: Cada recarga de cartucho de até 4ml de tinta terá um custo médio menor que R$ 2,00 por recarga. Isto não é incrível? As tintas Inkcor fornecem recargas seguras e com boa qualidade, e disponibilizamos um guia tutorial completo com passo-a-passo em vídeo para lhe auxiliar em suas recargas, tornando todo processo muito fácil e rápido. Garanta já seu kit! ============================================================================================ Conteúdo: - 1 Frasco com 60ml de Tinta Inkcor Premium Universal Corante na cor preta - 1 Frasco com 60ml de Tinta Inkcor Premium Universal Corante na cor amarela - 1 Frasco com 60ml de Tinta Inkcor Premium Universal Corante na cor azul - 1 Frasco com 60ml de Tinta Inkcor Premium Universal Corante na cor magenta - 1 Frasco com 60ml de Solução de limpeza Inkcor - 1 Snap Fill universal Para Pressurização e Retirada de Ar de Cartuchos - 1 Par de Luvas Plásticas simples - 4 Aplicadores com Agulha - 1 Manual de instruções impresso e acesso a vídeos tutoriais disponibilizados pela equipe Inkcor Tinta não indicada para papel fotográfico e impressora Tank e Ecotank ============================================================================================ Compatibilidade por Modelo de Cartuchos: Cartuchos HP: 667 - 667xl - 662 - 662xl - 664 - 664xl - 21 - 21xl - 27 - 46 - 56 - 60 - 60xl - 61 - 74 - 74xl - 92 - 94 - 96 - 98 - 901 - 901xl - 122 - 122xl Cartuchos CANON: 44 - 54 - 140 - 141 - 145 - 146 - 30 - 31 - 40 - 41 - 210 - 211 =============================================================================================== Compatibilidade por Modelo de Impressora: Impressoras HP Deskjet Ink Advantage: 2874 - 2800 - 1275 - 2374 - 2375 - 2376 - 2700 - 2774 - 2775 - 2776 - 6475 - 6476 - 1115 - 2134 - 2136 - 2600 - 2676 - 3636 - 3776 - 3786 - 3788 - 3790 - 3836 - 4536 - 4676 - 5076 - 5276 - 2516 - 3516 - 3546 - 2546 - 1516 - 4646 - 2646 Impressoras HP Deskjet: 1000 - 1050 - 1055 - 2000 - 2050 - 3000 - 3050 - 3050a - D1660 - D2530 - D2545 - D2560 - D2660 - D5560 - F2430 - F2480 - F4210 - F4235 - F4240 - F4280 - F4435 - F4440 - F4480 - F4580 Impressoras HP PhotoSmart: C4635 - C4640 - C4650 - C4680 - C4740 - C4750 - C4780 - C4795 - D110 - D110A Impressoras HP Officejet: J4540 - J4550 - J4580 - J4660 - J4680 - 4500 Impressoras Canon: MG2410 - MG2510 - MG2910 - MG3010 - TS3110 - MG3110 - MG3210 - MG3510 - MG3610 - MX371 - MX391 - MX431 - MX471 - E481 - E4210 - IP2700 - MP230 - MP250 - MP280 - MP495 - MX320 - MX340 - MX360 - MX410 - IP1800 - IP1900 - MP190 ============================================================================================ Quantidade média de recargas: A quantidade média de recargas que cada kit proporciona vai variar de acordo com o modelo/tamanho de cada cartucho. Segue uma média de acordo com os principais modelos simples HP (não XL) por recarga: HP 662: 10 recargas HP 664: 10 recargas HP 667: 10 recargas HP 60: 5 recargas HP 901: 5 recargas HP 21: 5 recargas Para descobrir quantas recargas em média o modelo de seu cartucho vai render, divida a quantidade de tinta pela quantidade de ml que cabe no devido modelo, indicando deixar em média 2ml de taxa de perda de tinta durante o processo de recarga. ============================================================================================ Com o kit Inkcor para recarga de cartuchos, você obterá resultados em suas impressões, com cores vivas e vibrantes. As tintas Inkcor Universais Corante fornecem boa qualidade de impressão e cobertura, produzem cores vivas e brilhantes, proteção contra entupimentos e têm secagem rápida. São indicadas para uso contínuo do dia-a-dia e geram economia. ============================================================================================ Perguntas e respostas frequentes: 1) Posso recarregar qualquer tipo de cartucho? Somente nos modelos que constam na descrição deste anúncio. 2) Posso utilizar essas tintas em impressoras com bulk-ink, ecotank ou tank de tinta? Não recomendamos. 3) Após a recarga preciso utilizar os cartuchos de quanto em quanto tempo? Recomendamos que não deixe de imprimir pelo menos a cada 3 dias, para evitar que os cartuchos ressequem. 4) A qualidade das tintas Inkcor é igual a qualidade das tintas originais? As tintas originais geralmente têm a cor preta pigmentada, que proporciona melhor definição, enquanto que as tintas Inkcor são todas corantes, com tonalidades próximas, mas diferentes em relação às tintas originais, apesar de ter boa qualidade geral. 5) Quantas vezes posso recarregar meu cartucho? Cartuchos HP têm média de 1 a 5 recargas na cor preta e coloridos de 1 a 3 recargas. Canon e Lexmark têm média de 1 a 3 recargas em cartuchos pretos e de 1 a 2 em cartuchos coloridos. A quantidade de recargas pode variar conforme o uso contínuo e outros fatores. 6) Preciso fazer força para utilizar o snap fill? Há a necessidade de se formar vácuo quando da pressurização. 7) Preciso mesmo assistir aos vídeos tutoriais e ler o manual de instruções antes de recarregar meus cartuchos? É necessário, conforme consta na descrição. 8) Cartuchos podem queimar durante a recarga? E se isso ocorrer é necessário substituir o cartucho. 9) Já recarreguei antes meus cartuchos, será que vai funcionar? Pode testar, mas recomendamos que não haja mistura de tintas para evitar incompatibilidade. 10) Cartuchos podem travar e não imprimir? Em alguns casos é necessário fazer o reset de cartuchos, que é facilmente encontrado na internet. 11) As tintas Inkcor são de qualidade? Estão entre as melhores a venda neste site, com qualidade atestada pelos comentários contidos em nossas qualificações. 12) Por que não posso utilizar as tintas Inkcor em papel fotográfico ou glossy? Este tipo de papel não tem boa aceitação de tintas corante preta, necessitando de tinta pigmentada preta na maior parte dos casos.
https://www.mercadolivre.com.br/cartucho-de-tinta-hp-664-negro-y-664-tricolor-2-unidades/p/MLB36783881;Cartucho De Tinta Hp 664 Negro y 664 Tricolor 2 Unidades;R$ 153,10;OBERO INFORMATICA;4.6;267;"Descrição Kit de cartuchos de tinta HP original 664 preto e colorido 1 cartucho HP 664 preto + 1 cartucho HP 664 color Especificações: Desempenho: até 120 páginas Compatibilidade: HP DeskJet 1110 HP DeskJet 1115 HP DeskJet 2130 HP DeskJet 2134 HP DeskJet 2135 HP DeskJet 2136 HP DeskJet 2674 HP DeskJet 2675 HP DeskJet 2676 HP DeskJet 3630 HP DeskJet 3636 HP OfficeJet 3830 HP DeskJet Ink Advantage 3776 HP DeskJet Ink Advantage 3786 HP DeskJet Ink Advantage 3788 HP DeskJet Ink Advantage 3790 HP DeskJet Ink Advantage 3836 HP DeskJet Ink Advantage 4536 HP DeskJet Ink Advantage 4676 HP DeskJet Ink Advantage 5076 HP DeskJet Ink Advantage 5276 Cor: preto Tipo de desempenho: padrão Conteúdo da embalagem: cartucho novo de tinta HP original Características do produto: Obtenha a qualidade da HP que você conhece e confia. Imprima documentos todos os dias com texto e imagens nítidas e os custos de impressão acessíveis com os cartuchos originais HP. Imprima bordas perfeitas em textos e em gráficos, usando cartuchos originais HP. Qualidade impressionante de texto e imagens para desfrutar de documentos e fotos. Média baseada em ISO / IEC 24711 ou na metodologia de teste HP e impressão contínua. O desempenho real varia consideravelmente com base no conteúdo das páginas impressas e outros fatores. Diferenciadores: Impressões que funcionam todas as vezes. Cartuchos projetados para alto rendimento. Impressões resistentes à água e que não desbotam com o tempo. Cores mais vibrantes e nítidas. Com tecnologia anti curvas. Fotos e documentos que duram mais de 50 anos sem perder a cor e a qualidade. Resultados superiores da primeira à última página, sem obstruções ou impressões com bandas. Impressão sustentável, os cartuchos HP originais são feitos com até 50% de material reciclado. Média baseada em ISO / IEC 24711 ou na metodologia de teste HP e impressão contínua. O desempenho real varia consideravelmente com base no conteúdo das páginas impressas e outros fatores. Compatível com impressoras Deskjet Ink Advantage da HP: DESKJET INK ADVANTAGE 2376; DESKJET INK ADVANTAGE 2776; DESKJET INK ADVANTAGE 2775; DESKJET INK ADVANTAGE 2374; DESKJET INK ADVANTAGE 2375; DESKJET INK ADVANTAGE 1275; HP Deskjet Ink Advantage Plus 6475; HP Deskjet Ink Advantage Plus 6476."
https://www.mercadolivre.com.br/kit-2-cartuchos-hp-664-1un-preto-1un-color/p/MLB39028313;Kit 2 Cartuchos Hp 664: 1un Preto + 1un Color;R$ 161,64;CASAPRINT SPEED;4.7;3086;Descrição Neste anúncio tem: 01 Cartucho de Tinta HP 664 Colorido Advantage 01 Cartucho de Tinta HP 664 Preto Advantage CARACTERISTICAS: Os cartuchos de tinta HP oferecem qualidade excepcional e desempenho confiável para suas necessidades de impressão. Com tintas de alta qualidade, eles proporcionam impressões nítidas, cores vibrantes e texto claro. Além disso, a identificação inteligente dos cartuchos permite que a impressora reconheça automaticamente os níveis de tinta, fornecendo alertas precisos quando estiverem baixos. A instalação é fácil e rápida, e os cartuchos são compatíveis com as impressoras HP, garantindo resultados profissionais em todos os trabalhos de impressão. A preocupação da HP com a sustentabilidade também se reflete nos programas de reciclagem de cartuchos, ajudando a reduzir o impacto ambiental dos resíduos de impressão. Com os cartuchos de tinta HP, você tem qualidade, confiabilidade e facilidade de uso em uma solução de impressão completa. VERIFIQUE AS CARACTERÍSTICAS HOLOGRÁFICAS DAS ETIQUETAS: - Incline a caixa de frente para trás para ver o Hp ou “OK” se moverem em sentidos OPOSTOS. - Incline a caixa da esquerda para direita para ver o Hp ou o “OK” se moverem no MESMO sentido. VERIFIQUE POR CÓDIGO QR: - Basta fazer a leitura do código QR da etiqueta com seu smartphone para verificar o produto. COMPATIBILIDADE: HP DeskJet 1110, HP DeskJet 1115, HP DeskJet 2130, HP DeskJet 2135, HP DeskJet 3630, HP ENVY 4520, HP OfficeJet 3830 ESPECIFICAÇÕES DE IMPRESSÃO: Cor (Es) Dos Suprimentos De Impressão: Tricolor e Preto Dimensões Com Embalagem L X P X A: 114 x 36,3 x 102,9 mm (cada) Peso Com Embalagem: 0.05 kg (cada) Volume Do Cartucho De Impressão: 2 ml (cada) Rendimento: TRICOLOR: Aproximadamente 100 páginas PRETO: Aproximadamente 120 páginas
https://www.mercadolivre.com.br/2-cartuchos-664-preto-black-impressora-hp-deskjet/p/MLB36779932;2 Cartuchos 664 Preto Black Impressora Hp Deskjet;R$ 153,10;OBERO INFORMATICA;4.7;3086;Descrição 2x Cartucho de Tinta HP 664 Preto 2ml Cor: Preto Compatibilidade com impressoras: HP DESKJET INK ADVANTAGE: 1115, 2134, 2136, 2676, 3636, 3776, 3786, 3788, 3790, 3836, 4536, 4676, 5076, 5276 Média de rendimento baseada na metodologia de teste ISO / IEC 24711 ou da própria marca e impressão contínua. O rendimento pode variar significativamente dependendo do conteúdo das páginas impressas e outros fatores. O cartucho 664 Preto da HP proporciona textos nítidos e imagens com cores intensas graças à sua tinta pigmentada. É recarregável, permitindo economia ao longo do tempo. Com rendimento de até 100 páginas por cartucho, permite impressões de alta qualidade por um período prolongado. Produto comprado nas Americanas e que esta sendo revendido pois a compra foi errada e se trata de pessoa fisica.
https://produto.mercadolivre.com.br/MLB-3670283480-kit-cartucho-hp-664-preto-hp-664-colorido-original-nf-_JM;Kit Cartucho Hp 664 Preto + Hp 664 Colorido Original Nf;R$ 154,90;VANMASTERCOMERCIO;4.7;264;Descrição VERIFIQUE O MODELO EXATO DO CARTUCHO PARA SUA IMPRESSORA ANTES DA COMPRA *** CARTUCHOS COMPRADOS DE MODELO ERRADO E COM LACRES ROMPIDOS NÃO SERÃO TROCADOS Obtenha a qualidade da HP que você conhece e confia. Imprima documentos todos os dias com texto e imagens nítidas e os custos de impressão acessíveis com os cartuchos originais HP. Imprima bordas perfeitas em textos e em gráficos, usando Cartuchos Originais HP. Qualidade impressionante de texto e imagens para desfrutar de documentos e fotos. - Volume de páginas impressas: até 120 páginas - Impressões que funcionam todas as vezes. Cartuchos projetados para alto rendimento - Impressões resistentes à água e que não desbotam com o tempo - Cores mais vibrantes e nítidas. Com Tecnologia anti curvas - Fotos e documentos que duram mais de 50 anos sem perder a cor e a qualidade - Resultados superiores da primeira à última página, sem obstruções ou impressões com bandas - Impressão sustentável, os cartuchos HP originais são feitos com até 50% de material reciclado Compatibilidade HP DeskJet 1110 HP DeskJet 1115 HP DeskJet 2130 HP DeskJet 2134 HP DeskJet 2135 HP DeskJet 2136 HP Deskjet 2674 HP Deskjet 2675 HP Deskjet 2676 HP DeskJet 3630 HP DeskJet 3636 HP OfficeJet 3830 HP Deskjet Ink Advantage 3776 HP Deskjet Ink Advantage 3786 HP Deskjet Ink Advantage 3788 HP Deskjet Ink Advantage 3790 HP Deskjet Ink Advantage 3836 HP Deskjet Ink Advantage 4536 HP Deskjet Ink Advantage 4676 HP DeskJet Ink Advantage 5076 HP DeskJet Ink Advantage 5276 Kit 1 (um) Cartucho de Tinta HP 664 F6V29AB Preto / 2ml 1 (um) Cartucho de Tinta HP 664 F6V28AB Colorido / 2ml tags: impressora hp cartucho , cartucho hp 664 xl , cartucho para impressora hp , comprar cartucho hp 664 , cartucho 664 , cartucho hp 664 , hp deskjet ink advantage 2676 , cartucho hp 2676 preto , hp deskjet 2676 , cartucho de tinta hp 664 , hp deskjet ink advantage 2676 cartucho , cartucho de tinta para impressora hp 2676 Ver descrição completa
https://produto.mercadolivre.com.br/MLB-2671518847-cartucho-tinta-original-hp-664-preto-f6v29ab-2136-2676-3776-_JM;Cartucho Tinta Original Hp 664 Preto F6v29ab 2136 2676 3776;R$ 66,90;OBERO INFORMATICA;4.7;125;Descrição Descrição Características do Produto Obtenha a qualidade da HP que você conhece e confia. Imprima documentos todos os dias com texto e imagens nítidas e os custos de impressão acessíveis com os cartuchos originais HP. Imprima bordas perfeitas em textos e em gráficos, usando Cartuchos Originais HP. Qualidade impressionante de texto e imagens para desfrutar de documentos e fotos. Média baseada em ISO / IEC 24711 ou na metodologia de teste HP e impressão contínua. O desempenho real varia consideravelmente com base no conteúdo das páginas impressas e outros fatores. Especificações Desempenho: Até 100 páginas Compatibilidade: HP Deskjet Ink Advantage 2136, HP Deskjet Ink Advantage 2676, HP Deskjet Ink Advantage 3776, HP DeskJet Ink Advantage 5076, HP DeskJet Ink Advantage 5276 Cor: Preto Tipo de Desempenho: Padrão Conteúdo da Embalagem: Cartucho novo de tinta HP original Diferenciadores: Impressões que funcionam todas as vezes. Cartuchos projetados para alto rendimento. Impressões resistentes à água e que não desbotam com o tempo. Cores mais vibrantes e nítidas. Com Tecnologia anti curvas. Fotos e documentos que duram mais de 50 anos sem perder a cor e a qualidade. Resultados superiores da primeira à última página, sem obstruções ou impressões com bandas. Impressão sustentável, os cartuchos HP originais são feitos com até 50% de material reciclado. Ver descrição completa
https://www.mercadolivre.com.br/kit-2-cartuchos-hp-664-hp-2136-3636-3836-4536-4676/p/MLB39092873;Kit 2 Cartuchos Hp 664 Hp 2136 3636 3836 4536 4676;R$ 168,10;CASAPRINT SPEED;4.9;39;Descrição Melhore a qualidade das suas impressões com o Kit de Cartuchos HP 664 Preto e Colorido. Este kit oferece uma solução completa para atender às suas necessidades de impressão, proporcionando impressões nítidas e vibrantes tanto para documentos em preto e branco quanto para imagens coloridas. O Kit Inclui: 1 Cartucho HP 664 Preto 1 Cartucho HP 664 Colorido Cartucho HP 664 Preto O Cartucho HP 664 Preto garante impressões nítidas e de alta definição para todos os seus documentos. Ideal para textos e gráficos em preto e branco, este cartucho é a escolha perfeita para garantir que suas impressões sejam sempre claras e profissionais. Características do Produto: Modelo: F6V28AB Marca: HP Cor da Tinta: Preto Tipo da Tinta: Pigmentada Conteúdo da Embalagem: 1 Cartucho de tinta HP Tecnologia de Impressão: Jato de Tinta Tipo de Desempenho: Padrão Capacidade do Cartucho: 2 ml Rendimento por Cartucho: Até 120 páginas, baseado em uma cobertura de 5% por página A4. O rendimento pode variar com base no conteúdo das páginas e outros fatores. Coberturas maiores, como negritos e gráficos extensos, podem reduzir o número total de páginas impressas. Compatibilidade com Impressoras: O cartucho HP 664 Preto é compatível com diversos modelos de impressoras HP Deskjet Ink Advantage, incluindo: *Compatibilidade: HP DeskJet 1110 HP DeskJet 1115 HP DeskJet 2130 HP DeskJet 2134 HP DeskJet 2135 HP DeskJet 2136 HP DeskJet 2674 HP DeskJet 2675 HP DeskJet 2676 HP DeskJet 3630 HP DeskJet 3636 HP OfficeJet 3830 HP DeskJet Ink Advantage 3776 HP DeskJet Ink Advantage 3786 HP DeskJet Ink Advantage 3788 HP DeskJet Ink Advantage 3790 HP DeskJet Ink Advantage 3836 HP DeskJet Ink Advantage 4536 HP DeskJet Ink Advantage 4676 HP DeskJet Ink Advantage 5076 HP DeskJet Ink Advantage 5276 Cor: preto Características Adicionais: Qualidade de Impressão Nítida: Produz textos claros e bem definidos, ideal para documentos importantes e relatórios. Desempenho Consistente: Com um rendimento de até 120 páginas, é adequado para impressões regulares. Impressões Duráveis: Resistente ao desbotamento, garantindo que seus documentos permaneçam legíveis e profissionais. Benefícios do Cartucho HP 664 Preto: Desempenho Eficiente: Solução econômica para impressões em preto e branco, com qualidade garantida. Tecnologia de Pigmento: Garante excelente definição e contraste para textos e gráficos. Sustentabilidade: Fabricado com práticas sustentáveis, promovendo o uso responsável dos recursos. Cartucho HP 664 Colorido O Cartucho HP 664 Colorido é ideal para quem precisa de impressões com cores vibrantes e precisas. Perfeito para documentos e fotos coloridas, este cartucho garante que suas impressões sejam vivas e detalhadas. Características do Produto: Modelo: F6V29AB Marca: HP Cor da Tinta: Tricolor (Cyan, Magenta, Yellow) Tipo da Tinta: Corante Conteúdo da Embalagem: 1 Cartucho de tinta HP Tecnologia de Impressão: Jato de Tinta Tipo de Desempenho: Padrão Capacidade do Cartucho: 2 ml Rendimento por Cartucho: Até 100 páginas, baseado em uma cobertura de 5% por página A4. O rendimento pode variar com base no conteúdo das páginas e outros fatores. Coberturas maiores, como imagens e gráficos extensos, podem reduzir o número total de páginas impressas. Compatibilidade com Impressoras: O cartucho HP 664 Colorido é compatível com os seguintes modelos de impressoras HP Deskjet Ink Advantage: HP Deskjet Ink Advantage: Compatibilidade: HP DeskJet 1110 HP DeskJet 1115 HP DeskJet 2130 HP DeskJet 2134 HP DeskJet 2135 HP DeskJet 2136 HP DeskJet 2674 HP DeskJet 2675 HP DeskJet 2676 HP DeskJet 3630 HP DeskJet 3636 HP OfficeJet 3830 HP DeskJet Ink Advantage 3776 HP DeskJet Ink Advantage 3786 HP DeskJet Ink Advantage 3788 HP DeskJet Ink Advantage 3790 HP DeskJet Ink Advantage 3836 HP DeskJet Ink Advantage 4536 HP DeskJet Ink Advantage 4676 HP DeskJet Ink Advantage 5076 HP DeskJet Ink Advantage 5276 Cor: preto Características Adicionais: Cores Vibrantes: Oferece uma gama de cores vivas e precisas, ideal para fotos e documentos coloridos. Impressões de Alta Qualidade: Garante cores brilhantes e detalhadas, mantendo a precisão das imagens. Fácil Instalação: Simples de instalar e substituir, garantindo uma experiência de impressão sem complicações. Benefícios do Cartucho HP 664 Colorido: Impressões Coloridas de Qualidade: Ideal para documentos e fotos com cores vivas e detalhadas. Tecnologia de Corante: Garante cores precisas e brilhantes para uma variedade de aplicações de impressão. Aproveite o Kit de Cartuchos HP 664 Preto e Colorido para obter impressões excepcionais com a combinação ideal de qualidade e desempenho. Ideal para todas as suas necessidades de impressão, oferecendo resultados profissionais em cada página.
https://www.mercadolivre.com.br/cartuchos-para-impressora-21362676-664xl-hp-blackcolor/p/MLB24123269;Cartuchos Para Impressora 2136/2676 664xl Hp Black+color;R$ 187,20;Park Ecom;4.5;173;
https://www.mercadolivre.com.br/cartucho-hp-664-coloridof6v28ab-para-ink-advantage-1115-2134-2136-2676-3636-3776-3786-37883790-3836-4536-46765076-5276/p/MLB36752265;Cartucho HP 664 Colorido(F6V28AB) Para Ink Advantage 1115, 2134, 2136, 2676, 3636, 3776, 3786, 3788,3790, 3836, 4536, 4676,5076, 5276;R$ 68,24;Eshop;4.7;3086;Descrição cartucho HP 664 Tricolor (F6V29AB) 2ml Especificações de impressão -Conteúdo: 2ml -Tecnologia de impressão: Jato de tinta - Tinta a base de corante Rendimento -1 Cartucho 664 tricolor rende até 100 páginas. Rendimento considerando 5% de cobertura na folha A4. Para um bom rendimento do cartucho o ideal é não ultrapassarmos os 5% área de cobertura. Quando utilizado o recurso de negritar títulos, trechos ou incluímos imagens essa porcentagem de cobertura facilmente sobe para 10%. Isto faz com que seu cartucho dure menos páginas. Impressoras Compatíveis - HP Deskjet Ink Advantage 1115 - HP Deskjet Ink Advantage 2130 - HP Deskjet Ink Advantage 2135 - HP Deskjet Ink Advantage 2136 - HP Deskjet Ink Advantage 2540 - HP Deskjet Ink Advantage 2600 - HP Deskjet Ink Advantage 2675 - HP Deskjet Ink Advantage 2676 - HP Deskjet Ink Advantage 3635 - HP Deskjet Ink Advantage 3636 - HP Deskjet Ink Advantage 3700 - HP Deskjet Ink Advantage 3836 - HP Deskjet Ink Advantage 3775 - HP Deskjet Ink Advantage 3776 - HP Deskjet Ink Advantage 3786 - HP Deskjet Ink Advantage 3788 - HP Deskjet Ink Advantage 3790 - HP Deskjet Ink Advantage 4535 - HP Deskjet Ink Advantage 4536 - HP Deskjet Ink Advantage 4675 - HP Deskjet Ink Advantage 4676 - HP Deskjet Ink Advantage 5076 - HP Deskjet Ink Advantage 5276
https://produto.mercadolivre.com.br/MLB-5144929748-cartucho-hp-664xl-664-xl-preto-original-hp-e-lacrado-_JM;Cartucho Hp 664xl 664 Xl Preto Original Hp E Lacrado;R$ 105,41;Park Ecom;4.3;113;Descrição PARK ECOM, LOJA OFICIAL DO MERCADO LIVRE. APROVEITE AS MELHORES CONDIÇÕES DE COMPRA COM ENVIO RÁPIDO E FRETE GRÁTIS ACIMA DE 79,00! --- QUALIDADE GARANTIDA. --- PRODUTO NOVO. --- EMITIMOS NOTA FISCAL PARA PESSOA FÍSICA E JURÍDICA. --- GARANTIA CONTRA DEFEITOS DE FABRICAÇÃO. ANÚNCIO CONTENDO: 01 CARTUCHO HP 664XL PRETO DESEMPENHO: 664XL PRETO - ATÉ 480 PÁGINAS (com base na cobertura de 5% da página) VOLUME DE TINTA EM CADA CARTUCHO PRETO: 8,5ml ***PREZADO CLIENTE, ANTES DE CONFIRMAR A COMPRA, VERIFICAR A COMPATIBILIDADE DO CARTUCHO PARA SUA IMPRESSORA. NÃO TROCAMOS CARTUCHOS VIOLADOS POR ERRO DE COMPRA.*** Compatibilidade: Impressora HP Deskjet Ink Advantage 1115 Impressora HP Deskjet Ink Advantage 2134 Impressora HP Deskjet Ink Advantage 2136 Impressora HP Deskjet Ink Advantage 2676 Impressora HP Deskjet Ink Advantage 3636 Impressora HP Deskjet Ink Advantage 3776 Impressora HP Deskjet Ink Advantage 3786 Impressora HP Deskjet Ink Advantage 3788 Impressora HP Deskjet Ink Advantage 3790 Impressora HP Deskjet Ink Advantage 3836 Impressora HP Deskjet Ink Advantage 4536 Impressora HP Deskjet Ink Advantage 4676 Impressora HP Deskjet Ink Advantage 5076 Impressora HP Deskjet Ink Advantage 5276 Aproveite ao máximo sua impressora HP e também sua tinta. Imprima todas as fotos e documentos de alta qualidade que precisar usando os cartuchos de tinta originais HP, que ajudam a garantir que sua impressora HP ofereça os resultados consistentes que você espera. Ajude a garantir as melhores impressões possíveis na escola, em casa e no trabalho com cartuchos HP desenvolvidos e testados com sua impressora HP e projetados para oferecer impressões consistentemente excepcionais. - Desenvolvido para oferecer desempenho ótimo desde o primeiro uso - Produza impressões duradouras e resistentes à descoloração de fotos e documentos que poderão ser apreciados por gerações. - Otimize a impressão e minimize desperdícios de papel, tinta e energia - Ao optar pelas tintas originais da HP, você contribui para a economia circular e colabora com o processo de reciclagem da HP, que permite que os produtos tenham uma nova chance de vida. Média aproximada com base na metodologia de teste ISO / IEC 24711 ou HP e impressão contínua. O desempenho real varia consideravelmente de acordo com o conteúdo das páginas impressas e outros fatores. Qualquer dúvida entre em contato conosco. Estamos à disposição! :) Garantia do vendedor: 3 meses Ver descrição completa
https://www.mercadolivre.com.br/cartucho-de-tinta-hp-662-preto-advantage/p/MLB36772792;Cartucho De Tinta Hp 662 Preto Advantage;R$ 49,25;OUTLET PREÇOBAIXO;4.6;1067;Descrição Cartucho HP 662 Preto CZ103AB Maximize o desempenho da sua impressora HP com tinta de alta qualidade. Imprima fotos e documentos com cores vivas e texto definido. Receba alertas quando a tinta estiver acabando para evitar interrupções inesperadas. Especificações: - Rendimento: 120 páginas - Tecnologia de impressão: Jato de Tinta - Volume: 2 ml Compatibilidade: - HP Deskjet Ink Advantage 2516 - HP Deskjet Ink Advantage 3516 - HP Deskjet Ink Advantage 1516 - HP Deskjet Ink Advantage 3546 - HP Deskjet Ink Advantage 2546 - HP Deskjet Ink Advantage 4646 - HP Deskjet Ink Advantage 2646
https://www.mercadolivre.com.br/cartucho-hp-662xl-preto-1616-2516-2646-3516-4646/p/MLB36766826;Cartucho Hp 662xl Preto 1616 2516 2646 3516 4646;R$ 112,31;Carrefour;4.4;101;Descrição CARTUCHO HP 662XL CZ105AB PRETO 6,5ml Compatibilidade: Hp DeskJet Ink Advantage 1516, 2515, 2516, 2546, 2646, 3515, 3516, 3546 e 4646 Características do Produto: Modelo: 662XL CZ105AB DESEMPENHO: 662XL PRETO - ATÉ 360 PÁGINAS (com base na cobertura de 5% da página) Temperaturas: Gama de temperaturas de funcionamento: 15 a 32 °C Cor de gráfico de BCP: Preto Tecnologia de resolução: TIJ 2.X Gen 3 Tecnologia de impressão: Jato de Tinta Térmico HP Bocais da cabeça de impressão: 336 Largura de cabeça de impressão (polegadas): 0,56 pol Tipos de tinta: Com pigmentos Gota de tinta: 13,5 pl Cor da impressão: preto Volume do cartucho de impressão: 6,5 ml Informação ambiental: Umidades relativas Umidade de armazenamento: 20 a 80% RH Intervalo de umidade para funcionamento: 20 a 80% RH Amplitude Térmica de Armazenamento: -40 a 60°C Dimensões Aproximadas (L x P x A): Dimensões de palete: 1219,2 x 1016 x 1790,7 mm Dimensões mínimas: 114,05 x 36,32 x 114,55 mm Peso Líquido Aproximado: 0.04 kg
https://www.mercadolivre.com.br/cartucho-tinta-hp-662-colorido-advantage/p/MLB37002235;Cartucho Tinta Hp 662 Colorido Advantage;R$ 68,24;Eshop;4.6;307;Descrição Maximize o desempenho da sua impressora HP com o Cartucho HP 662 Colorido, uma solução de impressão que garante qualidade superior em cada página. Produza documentos nítidos e fotos vibrantes, perfeitos para uso em casa ou no escritório. Com tecnologia de jato de tinta avançada, este cartucho proporciona um desempenho confiável e resultados impressionantes, página após página. Recursos e Benefícios: Qualidade de Impressão Superior: A tinta de alta qualidade garante cores vivas e texto definido, ideal para documentos importantes e impressões fotográficas. Alertas de Tinta Baixa: Receba notificações quando a tinta estiver acabando, evitando interrupções inesperadas durante impressões importantes. Fácil Instalação: O cartucho é projetado para uma instalação simples e rápida, permitindo que você volte a imprimir em instantes. Especificações: Rendimento: Aproximadamente 100 páginas (com margem de 5%) Tecnologia de Impressão: Jato de Tinta Volume: 2 ml Compatibilidade: HP Deskjet Ink Advantage 2516 HP Deskjet Ink Advantage 3516 HP Deskjet Ink Advantage 1516 HP Deskjet Ink Advantage 3546 HP Deskjet Ink Advantage 2546 HP Deskjet Ink Advantage 4646 HP Deskjet Ink Advantage 2646 Perguntas Frequentes: 1. O Cartucho HP 662 é compatível com outras impressoras? Sim, o Cartucho HP 662 é compatível com diversos modelos da linha Deskjet Ink Advantage. Consulte a lista acima de compatibilidade para verificar se o seu modelo é suportado. 2. Quanto tempo dura o cartucho? O rendimento do cartucho é de aproximadamente 100 páginas (com 5% de cobertura), mas isso pode variar dependendo do tipo de impressão e da frequência de uso. 3. Como sei quando é hora de trocar o cartucho? Você receberá alertas de tinta baixa diretamente no seu computador ou impressora, garantindo que você nunca fique sem tinta no momento mais crítico. 4. Posso usar este cartucho para impressões fotográficas? Sim! A tinta do Cartucho HP 662 é ideal para impressões de alta qualidade, incluindo fotos e gráficos. 5. O cartucho é fácil de instalar? Absolutamente! O Cartucho HP 662 foi projetado para uma instalação rápida e sem complicações, para que você possa começar a imprimir imediatamente.
https://www.mercadolivre.com.br/cartucho-de-tinta-hp-662-cor-color-do-2-ml/p/MLB36931792;Cartucho De Tinta Hp 662 Cor Color Do 2 Ml;R$ 71,99;OBERO INFORMATICA;4.6;103;Descrição PRINCIPAIS CARACTERÍSTICAS Obtenha a qualidade HP que você conhece e confia para um excelente valor. Imprima documentos diários com texto claros e gráficos nítidos, e mantenha baixos os custos de impressão com cartuchos de tinta HP. Conte com os cartuchos de tinta HP para proporcionar resultados surpreendentes, facilmente. Os cartuchos de tinta HP são projetados para estar livre de defeitos, formulados para evitar danos na cabeça de impressão e prontos para carregar em um piscar de olhos. Imprima o que você precisa para ter êxito ao mesmo tempo em que reduz seu impacto no meio ambiente. Escolha um cartucho de baixo custo fabricado com até 70% de conteúdo reciclado e obtenha reciclagem de cartucho de forma fácil através do HP Planet Partners. DESCRIÇÃO DO PRODUTO PARA UTILIZAÇÃO NAS SEGUINTES IMPRESSORAS Impressora HP Deskjet Ink Advantage 3516 | A6R81A Multifuncional HP Deskjet Ink Advantage 1516 | B2L58A Multifuncional HP Deskjet Ink Advantage 3546 | A9T82A Multifuncional HP Deskjet Ink Advantage 4646 | B4L09A Multifuncional HP Deskjet Ink Advantage 2546 | A9U24A Multifuncional HP Deskjet Ink Advantage 2516 | A6D66A Multifuncional HP Deskjet Ink Advantage 2646 | D4H23A Impressora HP Deskjet 3516 | 1516 | 3546 | 4646 | 2516 | 2546 | 2646 CÓDIGO DO CARTUCHO CZ104AB QUANTIDADE 2ml Imprimindo páginas com 5% de cobertura COR Color (Colorido) TECNOLOGIA Impressão Jato de Tinta
https://www.mercadolivre.com.br/cartucho-de-tinta-hp-667-cor-preto-do-2-ml/p/MLB37141763;Cartucho De Tinta Hp 667 Cor Preto Do 2 Ml;R$ 67,85;Eshop;4.8;3222;"Descrição Características do Produto: Cartucho HP 667 preto Rendimento: 100 páginas (com cobertura de 5%). Impressoras e Multifuncionais Compatíveis: Deskjet Ink Advantage 2376; Deskjet Ink Advantage 2776; Deskjet Ink Advantage 6476 HP DeskJet Plus Ink Advantage 6000 series, HP DeskJet Plus Ink Advantage 6400 series, HP Deskjet Ink Advantage 1200 Printer, HP Deskjet Ink Advantage 2300 All-in-One, HP DeskJet Ink Advantage 2700 All-in-One Printer, HP DeskJet Ink Advantage 4100 All-in-One Printer - Deskjet Ink Advantage 2774."
https://www.mercadolivre.com.br/cartucho-tinta-hp-662-preto-e-colorido-advantage/p/MLB39023322;Cartucho Tinta Hp 662 Preto E Colorido Advantage;R$ 157,97;OBERO INFORMATICA;4.7;150;Descrição O Cartucho de Tinta HP 662 Preto e Colorido Advantage é a escolha ideal para quem busca qualidade e eficiência na impressão. Com um rendimento de até 220 páginas, este cartucho proporciona impressões nítidas e vibrantes, garantindo que seus documentos e fotos tenham a melhor apresentação possível. Desenvolvido pela HP, um líder em tecnologia de impressão, o modelo 662 é compatível com diversas impressoras, oferecendo uma experiência de impressão sem complicações. A tinta preta e colorida é perfeita para atender a todas as suas necessidades, desde relatórios profissionais até trabalhos escolares e impressões pessoais. Com um volume total de 4 mL, cada cartucho é projetado para maximizar o uso da tinta, permitindo que você imprima mais com menos. A linha Advantage é reconhecida por sua confiabilidade, assegurando que suas impressões sejam sempre de alta qualidade. Escolher o Cartucho de Tinta HP 662 é optar por um produto que combina desempenho e praticidade, ideal para quem valoriza resultados excepcionais em cada impressão. Não perca a oportunidade de elevar a qualidade das suas impressões com este cartucho eficiente e fácil de usar.
https://www.mercadolivre.com.br/cartucho-de-tinta-hp-662-preto-advantage/p/MLB36772792;Cartucho De Tinta Hp 662 Preto Advantage;R$ 49,25;OUTLET PREÇOBAIXO;4.6;1067;Descrição Cartucho HP 662 Preto CZ103AB Maximize o desempenho da sua impressora HP com tinta de alta qualidade. Imprima fotos e documentos com cores vivas e texto definido. Receba alertas quando a tinta estiver acabando para evitar interrupções inesperadas. Especificações: - Rendimento: 120 páginas - Tecnologia de impressão: Jato de Tinta - Volume: 2 ml Compatibilidade: - HP Deskjet Ink Advantage 2516 - HP Deskjet Ink Advantage 3516 - HP Deskjet Ink Advantage 1516 - HP Deskjet Ink Advantage 3546 - HP Deskjet Ink Advantage 2546 - HP Deskjet Ink Advantage 4646 - HP Deskjet Ink Advantage 2646
https://www.mercadolivre.com.br/kit-hp-662-preto-hp-662-color-deskjet-1516-2516-3516-4646/p/MLB44331391;Kit Hp 662 Preto + Hp 662 Color Deskjet 1516 2516 3516 4646;R$ 179,99;SARAIVA COMERCIO;4.6;25;Descrição Informações do Produto Cartucho Preto: - Modelo: CZ103AB - Rendimento por página (preto): 120 páginas - Cor de impressão: Preto Cartucho Colorido: - Modelo: CZ104AB - Compatibilidade: HP Deskjet Ink Advantage: - Rendimento por página (colorido): 100 páginas - Gota de tinta: 13,5 pl - Volume: 2ml - Tipos de tinta compatíveis: Com pigmentos - Dimensões Aproximadas (AxLxP): 114 x 36,3 x 102,9 mm - Peso Líquido Aproximado: 0.05 kg - Amplitude Térmica de Armazenamento: -40 a 60°C - Intervalo de umidade para funcionamento: 20 a 80% RH - Umidade de armazenamento: 20 a 80% RH Compatível com os modelos: - HP Deskjet Ink Advantage 1516 - HP Deskjet Ink Advantage 2515 - HP Deskjet Ink Advantage 2516 - HP Deskjet Ink Advantage 3515 - HP Deskjet Ink Advantage 3516 - HP Deskjet Ink Advantage 2546 - HP Deskjet Ink Advantage 3546 - HP Deskjet Ink Advantage 4646
https://www.mercadolivre.com.br/kit-cartucho-hp-662-preto-662-colorido/p/MLB41793981;Kit Cartucho Hp 662 Preto + 662 Colorido;R$ 173,99;SIAD8238404;4.5;45;Descrição Neste anúncio tem: 01 Cartucho de Tinta HP 662 Colorido Advantage 01 Cartucho de Tinta HP 662 Preto Advantage CARACTERISTICAS: Os cartuchos de tinta HP oferecem qualidade excepcional e desempenho confiável para suas necessidades de impressão. Com tintas de alta qualidade, eles proporcionam impressões nítidas, cores vibrantes e texto claro. Além disso, a identificação inteligente dos cartuchos permite que a impressora reconheça automaticamente os níveis de tinta, fornecendo alertas precisos quando estiverem baixos. A instalação é fácil e rápida, e os cartuchos são compatíveis com as impressoras HP, garantindo resultados profissionais em todos os trabalhos de impressão. A preocupação da HP com a sustentabilidade também se reflete nos programas de reciclagem de cartuchos, ajudando a reduzir o impacto ambiental dos resíduos de impressão. Com os cartuchos de tinta HP, você tem qualidade, confiabilidade e facilidade de uso em uma solução de impressão completa. VERIFIQUE AS CARACTERÍSTICAS HOLOGRÁFICAS DAS ETIQUETAS: - Incline a caixa de frente para trás para ver o Hp ou “OK” se moverem em sentidos OPOSTOS. - Incline a caixa da esquerda para direita para ver o Hp ou o “OK” se moverem no MESMO sentido. VERIFIQUE POR CÓDIGO QR: - Basta fazer a leitura do código QR da etiqueta com seu smartphone para verificar o produto. COMPATIBILIDADE: HP DeskJet 1110, HP DeskJet 1115, HP DeskJet 2130, HP DeskJet 2135, HP DeskJet 3630, HP ENVY 4520, HP OfficeJet 3830 ESPECIFICAÇÕES DE IMPRESSÃO: Cor (Es) Dos Suprimentos De Impressão: Tricolor e Preto Dimensões Com Embalagem L X P X A: 114 x 36,3 x 102,9 mm (cada) Peso Com Embalagem: 0.05 kg (cada) Volume Do Cartucho De Impressão: 2 ml (cada) Rendimento: TRICOLOR: Aproximadamente 100 páginas PRETO: Aproximadamente 120 páginas
https://www.mercadolivre.com.br/kit-2-cartuchos-preto-e-colorido-hp-662-para-impressoras-1516-2515-2516-3515-3516-2546-3546-4646/p/MLB36794457;Kit 2 cartuchos Preto e Colorido HP 662 para Impressoras 1516 2515 2516 3515 3516 2546 3546 4646;R$ 151,36;Eshop;4.6;400;Descrição Itens incluso nesse kit: 1 Cartucho HP 662 Preto(CZ103AB) 2ml 1 Cartucho HP 662 Tricolor(CZ104AB) 2ml Especificações de impressão -Conteúdo: 2ml -Tecnologia de impressão: Jato de tinta Rendimento -1 Cartucho 662 preto rende até 120 páginas. -1 Cartucho 662 tricolor rende até 100 páginas. Rendimento considerando 5% da folha A4 -Quando utilizado o recurso de negritar títulos, trechos ou incluímos imagens essa porcentagem de cobertura facilmente sobe para 10%. Isto faz com que seu cartucho dure menos páginas. Impressoras compatíveis Impressoras HP Deskjet Ink Advantage 1516/2516/2546/2646/3516/3546/4646 DESCRIÇÃO -Imprima todas as fotos e documentos de alta qualidade. -Desempenho em alta velocidade as tintas originais HP são elaboradas para ajudar você a imprimir rapidamente sem abrir mão da qualidade.
https://produto.mercadolivre.com.br/MLB-3927029467-cartucho-tinta-hp-662-preto-advantage-original-_JM;Cartucho Tinta Hp 662 Preto Advantage Original;R$ 64,22;Eshop;5.0;2;Descrição Cartucho HP 662 Preto CZ103AB Aproveite ao máximo sua impressora HP e também sua tinta. Imprima todas as fotos e documentos de alta qualidade que precisar usando os cartuchos de tinta originais HP, que ajudam a garantir que sua impressora HP ofereça os resultados consistentes que você espera. Conclua facilmente seus projetos. Alertas precisos podem ajudar a garantir que você não fique sem tinta na hora errada. Crie documentos atraentes com os cartuchos de tinta HP, projetados para oferecer cores intensas e texto nítido e preciso. - Rendimento Preto 120 paginas - Tecnologia de impressão: Jato de Tinta - Capacidade/Rendimento: 2 ml Impressoras Compatíveis: - HP Deskjet Ink Advantage 2516 - HP Deskjet Ink Advantage 3516 - HP Deskjet Ink Advantage 1516 - HP Deskjet Ink Advantage 3546 - HP Deskjet Ink Advantage 2546 - HP Deskjet Ink Advantage 4646 - HP Deskjet Ink Advantage 2646 Ver descrição completa
